{
    "val_acc": 96.66666666666667,
    "train_loss": 0.0,
    "best_val_loss": 0.03333333333333333
}